Username;Email;Password
abc123;abc123@gmail.com;123456
abc124;abc124@gmail.com;123456
abc125;abc125@gmail.com;123456
abc126;abc126@gmail.com;123456
abc127;abc127@gmail.com;123456
abc128;abc128@gmail.com;123456
abc129;abc129@gmail.com;123456
abc130;abc130@gmail.com;123456
abc131;abc131@gmail.com;123456
abc132;abc132@gmail.com;123456
abc133;abc133@gmail.com;123456
abc134;abc134@gmail.com;123456
abc135;abc135@gmail.com;123456
abc136;abc136@gmail.com;123456
abc137;abc137@gmail.com;123456
abc138;abc138@gmail.com;123456
abc139;abc139@gmail.com;123456
abc140;abc140@gmail.com;123456
abc141;abc141@gmail.com;123456
abc142;abc142@gmail.com;123456
abc143;abc143@gmail.com;123456
abc144;abc144@gmail.com;123456
abc145;abc145@gmail.com;123456
abc146;abc146@gmail.com;123456
abc147;abc147@gmail.com;123456
abc148;abc148@gmail.com;123456
abc149;abc149@gmail.com;123456
abc150;abc150@gmail.com;123456
abc151;abc151@gmail.com;123456
abc152;abc152@gmail.com;123456
abc153;abc153@gmail.com;123456
abc154;abc154@gmail.com;123456
abc155;abc155@gmail.com;123456
abc156;abc156@gmail.com;123456
abc157;abc157@gmail.com;123456
abc158;abc158@gmail.com;123456
abc159;abc159@gmail.com;123456
abc160;abc160@gmail.com;123456
abc161;abc161@gmail.com;123456
abc162;abc162@gmail.com;123456
abc163;abc163@gmail.com;123456
abc164;abc164@gmail.com;123456
abc165;abc165@gmail.com;123456
abc166;abc166@gmail.com;123456
abc167;abc167@gmail.com;123456
abc168;abc168@gmail.com;123456
abc169;abc169@gmail.com;123456
abc170;abc170@gmail.com;123456
abc171;abc171@gmail.com;123456
abc172;abc172@gmail.com;123456
abc173;abc173@gmail.com;123456
abc174;abc174@gmail.com;123456
abc175;abc175@gmail.com;123456
abc176;abc176@gmail.com;123456
abc177;abc177@gmail.com;123456
abc178;abc178@gmail.com;123456
abc179;abc179@gmail.com;123456
abc180;abc180@gmail.com;123456
abc181;abc181@gmail.com;123456
abc182;abc182@gmail.com;123456
abc183;abc183@gmail.com;123456
abc184;abc184@gmail.com;123456
abc185;abc185@gmail.com;123456
abc186;abc186@gmail.com;123456
abc187;abc187@gmail.com;123456
abc188;abc188@gmail.com;123456
abc189;abc189@gmail.com;123456
abc190;abc190@gmail.com;123456
abc191;abc191@gmail.com;123456
abc192;abc192@gmail.com;123456
abc193;abc193@gmail.com;123456
abc194;abc194@gmail.com;123456
abc195;abc195@gmail.com;123456
abc196;abc196@gmail.com;123456
abc197;abc197@gmail.com;123456
abc198;abc198@gmail.com;123456
abc199;abc199@gmail.com;123456
abc200;abc200@gmail.com;123456
abc201;abc201@gmail.com;123456
abc202;abc202@gmail.com;123456
abc203;abc203@gmail.com;123456
abc204;abc204@gmail.com;123456
abc205;abc205@gmail.com;123456
abc206;abc206@gmail.com;123456
abc207;abc207@gmail.com;123456
abc208;abc208@gmail.com;123456
abc209;abc209@gmail.com;123456
abc210;abc210@gmail.com;123456
abc211;abc211@gmail.com;123456
abc212;abc212@gmail.com;123456
abc213;abc213@gmail.com;123456
abc214;abc214@gmail.com;123456
abc215;abc215@gmail.com;123456
abc216;abc216@gmail.com;123456
abc217;abc217@gmail.com;123456
abc218;abc218@gmail.com;123456
abc219;abc219@gmail.com;123456
abc220;abc220@gmail.com;123456
abc221;abc221@gmail.com;123456
abc222;abc222@gmail.com;123456
abc223;abc223@gmail.com;123456
abc224;abc224@gmail.com;123456
abc225;abc225@gmail.com;123456
abc226;abc226@gmail.com;123456
abc227;abc227@gmail.com;123456
abc228;abc228@gmail.com;123456
abc229;abc229@gmail.com;123456
abc230;abc230@gmail.com;123456
abc231;abc231@gmail.com;123456
abc232;abc232@gmail.com;123456
abc233;abc233@gmail.com;123456
abc234;abc234@gmail.com;123456
abc235;abc235@gmail.com;123456
abc236;abc236@gmail.com;123456
abc237;abc237@gmail.com;123456
abc238;abc238@gmail.com;123456
abc239;abc239@gmail.com;123456
abc240;abc240@gmail.com;123456
abc241;abc241@gmail.com;123456
abc242;abc242@gmail.com;123456
abc243;abc243@gmail.com;123456
abc244;abc244@gmail.com;123456
abc245;abc245@gmail.com;123456
abc246;abc246@gmail.com;123456
abc247;abc247@gmail.com;123456
abc248;abc248@gmail.com;123456
abc249;abc249@gmail.com;123456
abc250;abc250@gmail.com;123456
abc251;abc251@gmail.com;123456
abc252;abc252@gmail.com;123456
abc253;abc253@gmail.com;123456
abc254;abc254@gmail.com;123456
abc255;abc255@gmail.com;123456
abc256;abc256@gmail.com;123456
abc257;abc257@gmail.com;123456
abc258;abc258@gmail.com;123456
abc259;abc259@gmail.com;123456
abc260;abc260@gmail.com;123456
abc261;abc261@gmail.com;123456
abc262;abc262@gmail.com;123456
abc263;abc263@gmail.com;123456
abc264;abc264@gmail.com;123456
abc265;abc265@gmail.com;123456
abc266;abc266@gmail.com;123456
abc267;abc267@gmail.com;123456
abc268;abc268@gmail.com;123456
abc269;abc269@gmail.com;123456
abc270;abc270@gmail.com;123456
abc271;abc271@gmail.com;123456
abc272;abc272@gmail.com;123456
abc273;abc273@gmail.com;123456
abc274;abc274@gmail.com;123456
abc275;abc275@gmail.com;123456
abc276;abc276@gmail.com;123456
abc277;abc277@gmail.com;123456
abc278;abc278@gmail.com;123456
abc279;abc279@gmail.com;123456
abc280;abc280@gmail.com;123456
abc281;abc281@gmail.com;123456
abc282;abc282@gmail.com;123456
abc283;abc283@gmail.com;123456
abc284;abc284@gmail.com;123456
abc285;abc285@gmail.com;123456
abc286;abc286@gmail.com;123456
abc287;abc287@gmail.com;123456
abc288;abc288@gmail.com;123456
abc289;abc289@gmail.com;123456
abc290;abc290@gmail.com;123456
abc291;abc291@gmail.com;123456
abc292;abc292@gmail.com;123456
abc293;abc293@gmail.com;123456
abc294;abc294@gmail.com;123456
abc295;abc295@gmail.com;123456
abc296;abc296@gmail.com;123456
abc297;abc297@gmail.com;123456
abc298;abc298@gmail.com;123456
abc299;abc299@gmail.com;123456
abc300;abc300@gmail.com;123456
abc301;abc301@gmail.com;123456
abc302;abc302@gmail.com;123456
abc303;abc303@gmail.com;123456
abc304;abc304@gmail.com;123456
abc305;abc305@gmail.com;123456
abc306;abc306@gmail.com;123456
abc307;abc307@gmail.com;123456
abc308;abc308@gmail.com;123456
abc309;abc309@gmail.com;123456
abc310;abc310@gmail.com;123456
abc311;abc311@gmail.com;123456
abc312;abc312@gmail.com;123456
abc313;abc313@gmail.com;123456
abc314;abc314@gmail.com;123456
abc315;abc315@gmail.com;123456
abc316;abc316@gmail.com;123456
abc317;abc317@gmail.com;123456
abc318;abc318@gmail.com;123456
abc319;abc319@gmail.com;123456
abc320;abc320@gmail.com;123456
abc321;abc321@gmail.com;123456
abc322;abc322@gmail.com;123456
abc323;abc323@gmail.com;123456
abc324;abc324@gmail.com;123456
abc325;abc325@gmail.com;123456
abc326;abc326@gmail.com;123456
abc327;abc327@gmail.com;123456
abc328;abc328@gmail.com;123456
abc329;abc329@gmail.com;123456
abc330;abc330@gmail.com;123456
abc331;abc331@gmail.com;123456
abc332;abc332@gmail.com;123456
abc333;abc333@gmail.com;123456
abc334;abc334@gmail.com;123456
abc335;abc335@gmail.com;123456
abc336;abc336@gmail.com;123456
abc337;abc337@gmail.com;123456
abc338;abc338@gmail.com;123456
abc339;abc339@gmail.com;123456
abc340;abc340@gmail.com;123456
abc341;abc341@gmail.com;123456
abc342;abc342@gmail.com;123456
abc343;abc343@gmail.com;123456
abc344;abc344@gmail.com;123456
abc345;abc345@gmail.com;123456
abc346;abc346@gmail.com;123456
abc347;abc347@gmail.com;123456
abc348;abc348@gmail.com;123456
abc349;abc349@gmail.com;123456
abc350;abc350@gmail.com;123456
abc351;abc351@gmail.com;123456
abc352;abc352@gmail.com;123456
abc353;abc353@gmail.com;123456
abc354;abc354@gmail.com;123456
abc355;abc355@gmail.com;123456
abc356;abc356@gmail.com;123456
abc357;abc357@gmail.com;123456
abc358;abc358@gmail.com;123456
abc359;abc359@gmail.com;123456
abc360;abc360@gmail.com;123456
abc361;abc361@gmail.com;123456
abc362;abc362@gmail.com;123456
abc363;abc363@gmail.com;123456
abc364;abc364@gmail.com;123456
abc365;abc365@gmail.com;123456
abc366;abc366@gmail.com;123456
abc367;abc367@gmail.com;123456
abc368;abc368@gmail.com;123456
abc369;abc369@gmail.com;123456
abc370;abc370@gmail.com;123456
abc371;abc371@gmail.com;123456
abc372;abc372@gmail.com;123456
abc373;abc373@gmail.com;123456
abc374;abc374@gmail.com;123456
abc375;abc375@gmail.com;123456
abc376;abc376@gmail.com;123456
abc377;abc377@gmail.com;123456
abc378;abc378@gmail.com;123456
abc379;abc379@gmail.com;123456
abc380;abc380@gmail.com;123456
abc381;abc381@gmail.com;123456
abc382;abc382@gmail.com;123456
abc383;abc383@gmail.com;123456
abc384;abc384@gmail.com;123456
abc385;abc385@gmail.com;123456
abc386;abc386@gmail.com;123456
abc387;abc387@gmail.com;123456
abc388;abc388@gmail.com;123456
abc389;abc389@gmail.com;123456
abc390;abc390@gmail.com;123456
abc391;abc391@gmail.com;123456
abc392;abc392@gmail.com;123456
abc393;abc393@gmail.com;123456
abc394;abc394@gmail.com;123456
abc395;abc395@gmail.com;123456
abc396;abc396@gmail.com;123456
abc397;abc397@gmail.com;123456
abc398;abc398@gmail.com;123456
abc399;abc399@gmail.com;123456
abc400;abc400@gmail.com;123456
abc401;abc401@gmail.com;123456
abc402;abc402@gmail.com;123456
abc403;abc403@gmail.com;123456
abc404;abc404@gmail.com;123456
abc405;abc405@gmail.com;123456
abc406;abc406@gmail.com;123456
abc407;abc407@gmail.com;123456
abc408;abc408@gmail.com;123456
abc409;abc409@gmail.com;123456
abc410;abc410@gmail.com;123456
abc411;abc411@gmail.com;123456
abc412;abc412@gmail.com;123456
abc413;abc413@gmail.com;123456
abc414;abc414@gmail.com;123456
abc415;abc415@gmail.com;123456
abc416;abc416@gmail.com;123456
abc417;abc417@gmail.com;123456
abc418;abc418@gmail.com;123456
abc419;abc419@gmail.com;123456
abc420;abc420@gmail.com;123456
abc421;abc421@gmail.com;123456
abc422;abc422@gmail.com;123456
abc423;abc423@gmail.com;123456
abc424;abc424@gmail.com;123456
abc425;abc425@gmail.com;123456
abc426;abc426@gmail.com;123456
abc427;abc427@gmail.com;123456
abc428;abc428@gmail.com;123456
abc429;abc429@gmail.com;123456
abc430;abc430@gmail.com;123456
abc431;abc431@gmail.com;123456
abc432;abc432@gmail.com;123456
abc433;abc433@gmail.com;123456
abc434;abc434@gmail.com;123456
abc435;abc435@gmail.com;123456
abc436;abc436@gmail.com;123456
abc437;abc437@gmail.com;123456
abc438;abc438@gmail.com;123456
abc439;abc439@gmail.com;123456
abc440;abc440@gmail.com;123456
abc441;abc441@gmail.com;123456
abc442;abc442@gmail.com;123456
abc443;abc443@gmail.com;123456
abc444;abc444@gmail.com;123456
abc445;abc445@gmail.com;123456
abc446;abc446@gmail.com;123456
abc447;abc447@gmail.com;123456
abc448;abc448@gmail.com;123456
abc449;abc449@gmail.com;123456
abc450;abc450@gmail.com;123456
abc451;abc451@gmail.com;123456
abc452;abc452@gmail.com;123456
abc453;abc453@gmail.com;123456
abc454;abc454@gmail.com;123456
abc455;abc455@gmail.com;123456
abc456;abc456@gmail.com;123456
abc457;abc457@gmail.com;123456
abc458;abc458@gmail.com;123456
abc459;abc459@gmail.com;123456
abc460;abc460@gmail.com;123456
abc461;abc461@gmail.com;123456
abc462;abc462@gmail.com;123456
abc463;abc463@gmail.com;123456
abc464;abc464@gmail.com;123456
abc465;abc465@gmail.com;123456
abc466;abc466@gmail.com;123456
abc467;abc467@gmail.com;123456
abc468;abc468@gmail.com;123456
abc469;abc469@gmail.com;123456
abc470;abc470@gmail.com;123456
abc471;abc471@gmail.com;123456
abc472;abc472@gmail.com;123456
abc473;abc473@gmail.com;123456
abc474;abc474@gmail.com;123456
abc475;abc475@gmail.com;123456
abc476;abc476@gmail.com;123456
abc477;abc477@gmail.com;123456
abc478;abc478@gmail.com;123456
abc479;abc479@gmail.com;123456
abc480;abc480@gmail.com;123456
abc481;abc481@gmail.com;123456
abc482;abc482@gmail.com;123456
abc483;abc483@gmail.com;123456
abc484;abc484@gmail.com;123456
abc485;abc485@gmail.com;123456
abc486;abc486@gmail.com;123456
abc487;abc487@gmail.com;123456
abc488;abc488@gmail.com;123456
abc489;abc489@gmail.com;123456
abc490;abc490@gmail.com;123456
abc491;abc491@gmail.com;123456
abc492;abc492@gmail.com;123456
abc493;abc493@gmail.com;123456
abc494;abc494@gmail.com;123456
abc495;abc495@gmail.com;123456
abc496;abc496@gmail.com;123456
abc497;abc497@gmail.com;123456
abc498;abc498@gmail.com;123456
abc499;abc499@gmail.com;123456
abc500;abc500@gmail.com;123456
abc501;abc501@gmail.com;123456
abc502;abc502@gmail.com;123456
abc503;abc503@gmail.com;123456
abc504;abc504@gmail.com;123456
abc505;abc505@gmail.com;123456
abc506;abc506@gmail.com;123456
abc507;abc507@gmail.com;123456
abc508;abc508@gmail.com;123456
abc509;abc509@gmail.com;123456
abc510;abc510@gmail.com;123456
abc511;abc511@gmail.com;123456
abc512;abc512@gmail.com;123456
abc513;abc513@gmail.com;123456
abc514;abc514@gmail.com;123456
abc515;abc515@gmail.com;123456
abc516;abc516@gmail.com;123456
abc517;abc517@gmail.com;123456
abc518;abc518@gmail.com;123456
abc519;abc519@gmail.com;123456
abc520;abc520@gmail.com;123456
abc521;abc521@gmail.com;123456
abc522;abc522@gmail.com;123456
abc523;abc523@gmail.com;123456
abc524;abc524@gmail.com;123456
abc525;abc525@gmail.com;123456
abc526;abc526@gmail.com;123456
abc527;abc527@gmail.com;123456
abc528;abc528@gmail.com;123456
abc529;abc529@gmail.com;123456
abc530;abc530@gmail.com;123456
abc531;abc531@gmail.com;123456
abc532;abc532@gmail.com;123456
abc533;abc533@gmail.com;123456
abc534;abc534@gmail.com;123456
abc535;abc535@gmail.com;123456
abc536;abc536@gmail.com;123456
abc537;abc537@gmail.com;123456
abc538;abc538@gmail.com;123456
abc539;abc539@gmail.com;123456
abc540;abc540@gmail.com;123456
abc541;abc541@gmail.com;123456
abc542;abc542@gmail.com;123456
abc543;abc543@gmail.com;123456
abc544;abc544@gmail.com;123456
abc545;abc545@gmail.com;123456
abc546;abc546@gmail.com;123456
abc547;abc547@gmail.com;123456
abc548;abc548@gmail.com;123456
abc549;abc549@gmail.com;123456
abc550;abc550@gmail.com;123456
abc551;abc551@gmail.com;123456
abc552;abc552@gmail.com;123456
abc553;abc553@gmail.com;123456
abc554;abc554@gmail.com;123456
abc555;abc555@gmail.com;123456
abc556;abc556@gmail.com;123456
abc557;abc557@gmail.com;123456
abc558;abc558@gmail.com;123456
abc559;abc559@gmail.com;123456
abc560;abc560@gmail.com;123456
abc561;abc561@gmail.com;123456
abc562;abc562@gmail.com;123456
abc563;abc563@gmail.com;123456
abc564;abc564@gmail.com;123456
abc565;abc565@gmail.com;123456
abc566;abc566@gmail.com;123456
abc567;abc567@gmail.com;123456
abc568;abc568@gmail.com;123456
abc569;abc569@gmail.com;123456
abc570;abc570@gmail.com;123456
abc571;abc571@gmail.com;123456
abc572;abc572@gmail.com;123456
abc573;abc573@gmail.com;123456
abc574;abc574@gmail.com;123456
abc575;abc575@gmail.com;123456
abc576;abc576@gmail.com;123456
abc577;abc577@gmail.com;123456
abc578;abc578@gmail.com;123456
abc579;abc579@gmail.com;123456
abc580;abc580@gmail.com;123456
abc581;abc581@gmail.com;123456
abc582;abc582@gmail.com;123456
abc583;abc583@gmail.com;123456
abc584;abc584@gmail.com;123456
abc585;abc585@gmail.com;123456
abc586;abc586@gmail.com;123456
abc587;abc587@gmail.com;123456
abc588;abc588@gmail.com;123456
abc589;abc589@gmail.com;123456
abc590;abc590@gmail.com;123456
abc591;abc591@gmail.com;123456
abc592;abc592@gmail.com;123456
abc593;abc593@gmail.com;123456
abc594;abc594@gmail.com;123456
abc595;abc595@gmail.com;123456
abc596;abc596@gmail.com;123456
abc597;abc597@gmail.com;123456
abc598;abc598@gmail.com;123456
abc599;abc599@gmail.com;123456
abc600;abc600@gmail.com;123456
abc601;abc601@gmail.com;123456
abc602;abc602@gmail.com;123456
abc603;abc603@gmail.com;123456
abc604;abc604@gmail.com;123456
abc605;abc605@gmail.com;123456
abc606;abc606@gmail.com;123456
abc607;abc607@gmail.com;123456
abc608;abc608@gmail.com;123456
abc609;abc609@gmail.com;123456
abc610;abc610@gmail.com;123456
abc611;abc611@gmail.com;123456
abc612;abc612@gmail.com;123456
abc613;abc613@gmail.com;123456
abc614;abc614@gmail.com;123456
abc615;abc615@gmail.com;123456
abc616;abc616@gmail.com;123456
abc617;abc617@gmail.com;123456
abc618;abc618@gmail.com;123456
abc619;abc619@gmail.com;123456
abc620;abc620@gmail.com;123456
abc621;abc621@gmail.com;123456
abc622;abc622@gmail.com;123456
